#{"t_start": 1779607121.6445966, "env_id": "None"}
r,l,t
23.800694,1000,21.714199
151.46011,1000,30.169543
41.808071,1000,39.913494
-149.237516,1000,47.787159
-163.546704,1000,57.364648
97.137173,1000,66.572251
-245.246082,565,72.322072
81.96887,1000,81.200482
-110.91686,561,86.972659
138.318406,1000,96.879244
-174.743346,1000,105.53698
39.114473,1000,114.911996
15.575641,1000,123.85719
127.019519,1000,134.04711
-129.072035,728,141.06116
-10.518255,1000,150.67121
90.736451,1000,159.847094
18.764084,1000,169.280828
187.154663,1000,178.129249
-186.279193,226,180.17536
65.44991,1000,190.458225
-113.179474,1000,199.229432
156.665147,1000,209.276016
111.655463,1000,218.709965
59.502067,1000,228.345095
-39.816093,1000,237.954268
-158.374168,245,240.200146
126.831644,1000,250.531176
-199.478021,432,254.787498
-145.272527,364,258.184593
-77.804868,1000,267.633347
162.317057,1000,276.854269
-341.605405,762,284.535671
-87.658758,1000,293.794795
-87.226773,975,304.072152
-172.708449,189,306.065377
-128.39644,448,310.201129
-245.628214,371,313.655309
116.069,1000,323.633023
-10.467023,1000,333.255595
-140.531526,858,341.890932
-194.974659,111,343.669801
-159.290621,381,347.416929
116.896773,1000,357.463105
-133.304482,466,361.694602
-148.910709,329,365.502156
-108.561456,654,372.208649
-186.804451,128,373.458272
-111.850307,493,377.940459
218.384351,1000,388.350313
-132.490353,258,390.700251
-165.883204,313,393.61308
-153.121711,281,396.182188
-145.640408,300,398.883596
-176.277808,201,400.64689
167.769908,1000,410.290824
-177.586822,547,415.398778
-140.610283,380,419.098607
-82.551383,671,426.051831
-179.942845,160,427.53401
-154.494611,488,431.726769
-220.578651,234,433.823854
-151.871784,381,437.30687
-171.45646,767,444.827718
-151.079401,311,447.918056
-181.714845,397,451.38534
-104.123054,452,455.622818
-138.289586,489,460.189138
-98.534203,591,466.433604
-113.73547,620,472.221673
221.736582,1000,481.468786
234.146968,1000,491.422064
-120.877368,501,496.104051
-153.453404,262,498.521005
-27.007251,1000,508.702258
-95.362402,1000,517.759912
-181.999644,123,518.943154
-59.733307,834,526.913942
-528.161406,996,536.318561
202.379804,1000,546.143338
109.588584,1000,555.15569
26.469628,1000,564.560511
-211.261702,194,566.43501
-209.472393,146,568.031466
-120.416541,522,572.818541
-194.333867,375,576.34574
23.932378,1000,585.99845
-109.953293,586,591.392004
-201.291646,517,595.932687
105.867059,1000,605.547183
66.722663,1000,614.335102
49.678307,1000,623.969968
-140.971061,641,629.736082
-122.711557,464,634.18023
-98.050331,523,639.675761
106.378738,1000,648.611187
-133.291855,388,652.052196
-151.507372,401,656.385804
-129.613886,589,662.040637
-160.958237,196,663.747901
-165.077237,297,666.362044
-93.40173,831,673.732704
-143.336432,587,679.881394
203.98033,1000,689.206004
-179.088205,121,690.399761
-246.536324,822,698.685383
-129.805083,480,703.267704
-46.50474,853,710.743836
-137.873047,528,716.300051
-149.994012,743,723.349191
-165.336523,262,725.876836
-184.631251,458,730.021796
-5.481868,1000,739.431125
-57.646073,811,747.202515
70.502499,1000,756.732154
-185.846573,152,758.168912
-32.394468,1000,766.769655
-49.660653,1000,775.913864
-150.20209,375,779.590661
-107.39712,1000,788.945489
30.008847,1000,798.539609
90.30755,1000,807.436674
-161.72378,484,812.697927
-266.864123,669,819.039122
-105.716476,1000,827.653784
161.437506,1000,837.974586
139.924506,1000,847.493335
-98.530304,664,854.653192
-44.752814,1000,864.052901
-137.104419,837,872.608097
-166.586204,233,874.945214
-52.63318,858,882.998592
-107.384737,974,892.791003
52.432252,1000,902.018031
-182.091888,663,908.371523
-188.33625,510,913.428461
-231.174629,670,919.47987
82.815983,1000,929.285601
-127.058965,601,934.729096
-177.407085,180,936.374811
134.939315,1000,945.259708
-22.249536,1000,954.375264
12.715707,1000,963.606468
-110.746839,717,970.719553
24.270136,1000,979.003807
-308.300724,643,985.212854
98.260172,1000,994.482644
-4.778842,1000,1003.419804
-19.169601,1000,1012.335693
10.516537,1000,1021.444903
-197.885301,208,1023.976639
-324.805289,1000,1032.485336
13.035583,1000,1041.912397
9.623768,1000,1051.19643
-225.59232,417,1054.994853
5.228401,1000,1064.567341
8.382301,1000,1073.764735
36.698889,1000,1083.728812
-100.542884,1000,1092.379541
107.065915,1000,1102.197809
73.957482,1000,1111.090324
-49.258782,1000,1120.48991
72.674859,1000,1129.071508
17.436082,1000,1138.923734
-10.095924,1000,1147.2217
-119.370941,1000,1156.598751
-133.565852,1000,1165.532424
5.216481,1000,1175.156392
-21.948037,1000,1183.989921
114.645659,1000,1193.512669
-103.062314,1000,1202.177694
22.075857,1000,1211.511343
0.43081,1000,1220.454906
-213.096026,700,1226.356524
106.126123,1000,1236.525409
79.172866,1000,1245.777606
84.916326,1000,1255.415431
16.504653,1000,1264.492899
-223.6726,847,1272.432438
-314.494649,874,1280.026927
-10.039413,1000,1289.539633
-19.244505,1000,1298.08752
48.119809,1000,1308.036323
-180.767511,287,1310.776518
-115.252113,474,1315.111427
205.713129,1000,1324.739581
63.462242,1000,1334.032697
75.079603,1000,1343.288337
-14.333264,1000,1353.402002
-244.707079,1000,1362.396415
-13.105357,1000,1371.597438
49.433844,1000,1380.89543
-152.976546,1000,1390.129736
168.517267,1000,1399.190674
-124.044457,489,1404.538457
41.102879,1000,1413.34761
230.146807,1000,1422.992824
-40.225976,1000,1431.919295
-32.336981,1000,1441.605347
88.402471,1000,1450.362413
-86.985735,1000,1459.667623
-206.82158,399,1463.35638
136.762066,1000,1473.024195
-96.215592,858,1481.466212
-84.664828,1000,1490.120411
-165.86189,215,1492.066666
178.145248,1000,1502.47337
-144.351738,387,1505.982171
63.687343,1000,1514.937461
14.156611,1000,1523.883308
-219.679805,978,1532.674388
-182.167905,478,1537.52122
80.076343,1000,1545.954412
-120.087518,376,1549.464698
-34.969086,1000,1558.91255
-120.813754,426,1562.669361
-132.081586,532,1567.627375
-10.111688,1000,1577.042907
-165.121433,518,1581.435309
-151.065042,307,1584.17066
-64.4777,786,1592.15877
-154.20026,338,1595.313501
-621.672993,993,1604.053401
151.16342,1000,1613.604409
58.824666,1000,1622.383651
-203.381723,129,1623.513915
51.189188,1000,1632.669274
107.477607,1000,1641.584439
209.444837,1000,1651.569511
126.115799,1000,1660.8286
10.273275,1000,1670.50358
-112.789134,496,1674.946766
-1.807916,1000,1684.337838
9.661613,1000,1693.870751
-171.067558,292,1696.435184
-193.114095,216,1698.391884
161.785377,1000,1708.066405
-171.215647,250,1710.144008
4.642896,1000,1719.197388
-163.508208,251,1721.47986
16.613445,1000,1731.383636
-204.833374,730,1737.980635
-181.169379,692,1745.516248
2.155161,1000,1754.100987
-11.271254,1000,1762.565989
104.979212,1000,1771.973703
37.187015,1000,1781.050184
148.346597,1000,1790.406427
60.638467,1000,1799.937638
-179.610342,663,1806.31606
8.936398,1000,1815.57181
139.811963,1000,1825.223867
-4.616982,1000,1834.429583
-2.732331,1000,1843.644438
125.164617,1000,1852.79623
11.921578,1000,1862.772444
16.291187,1000,1871.132324
84.656995,1000,1880.816186
1.629905,1000,1889.859551
-292.898415,1000,1898.851451
-153.146929,799,1905.805981
38.110856,1000,1915.355932
123.156251,1000,1924.266966
-11.586532,1000,1933.988989
-31.742014,1000,1942.512372
68.083782,1000,1951.517448
105.442976,1000,1961.391986
-70.268716,1000,1969.96505
12.323239,1000,1979.936205
-99.067847,712,1986.148066
117.940215,1000,1995.565862
107.090799,1000,2004.353587
-135.877761,680,2011.256193
10.496835,1000,2019.669001
135.707682,1000,2028.78423
41.848235,1000,2037.849041
32.591439,1000,2047.389836
69.659139,1000,2055.810594
-122.507107,1000,2065.416639
132.428949,1000,2074.28784
-252.879676,643,2079.848147
-188.203008,99,2080.733228
-184.745621,1000,2089.960382
-226.084562,927,2098.531318
-196.749533,123,2099.714197
-137.848679,413,2104.02993
-89.835001,597,2109.308054
-370.740829,1000,2117.870012
7.315634,1000,2127.739284
65.519258,1000,2136.834773
-154.832868,475,2141.888237
-38.988339,837,2149.40973
-117.266795,905,2157.783048
-45.213057,1000,2167.485962
-169.423564,228,2169.667302
-46.221538,1000,2179.283112
32.205176,1000,2187.986214
217.765486,1000,2197.284553
12.523817,1000,2206.300739
1.986193,1000,2214.774878
166.517246,1000,2224.097169
-36.939148,1000,2232.881802
52.104957,1000,2242.446911
-133.437113,489,2246.863967
40.690887,1000,2256.832935
-142.033223,245,2258.982816
-60.214174,1000,2267.934165
-182.924476,220,2269.967489
-94.87044,465,2274.774581
133.185437,1000,2283.641301
168.44813,1000,2292.979447
67.954565,1000,2301.627397
-37.871574,1000,2311.202209
-68.386441,1000,2319.371518
-33.791351,1000,2328.858805
84.533687,1000,2337.889744
-53.07779,756,2344.352238
60.171165,1000,2353.193249
147.373613,1000,2362.206031
142.823442,1000,2372.50083
166.114458,1000,2381.515647
0.125117,1000,2390.508403
33.999658,1000,2399.6101
63.066901,1000,2409.292361
-50.484145,1000,2418.257665
-3.870382,1000,2427.258261
-210.823457,1000,2436.167847
148.904529,1000,2446.073944
-6.177342,1000,2455.079897
-161.822194,218,2457.053955
56.468819,1000,2466.574148
-226.366972,535,2471.486991
-194.382418,1000,2481.185978
-92.209322,540,2485.956163
-144.869529,740,2492.680758
108.239213,1000,2501.857548
-30.072881,1000,2510.288684
-328.759041,1000,2519.652276
115.753398,1000,2528.082442
122.80994,1000,2537.567659
-90.392494,707,2543.530673
-187.84603,115,2544.57569
-127.674786,473,2548.923857
-119.50954,807,2557.11673
143.552596,1000,2565.971572
46.450409,1000,2575.523616
-163.032066,258,2577.980583
82.97579,1000,2587.065614
-126.537487,410,2591.128473
-53.081325,1000,2600.877578
-252.280595,1000,2609.456946
-138.999193,239,2612.306592
-136.129553,374,2615.589623
-297.257742,1000,2624.897461
33.945193,1000,2634.554828
-136.39248,492,2639.037043
-21.819569,1000,2648.020022
-95.696385,1000,2657.178538
35.249669,1000,2666.354039
-106.780669,1000,2675.795813
-158.632963,174,2677.334266
12.922941,1000,2686.302572
-77.492688,1000,2695.298675
132.28588,1000,2704.562861
32.529411,1000,2714.234872
-4.961978,1000,2722.631861
-15.70738,1000,2732.71286
71.101978,1000,2741.372952
111.285393,1000,2751.205558
-104.283462,853,2758.827838
173.239448,1000,2768.423689
46.918878,1000,2777.149637
-126.391085,423,2781.710399
123.904601,1000,2790.483688
36.303672,1000,2799.090909
53.393978,1000,2808.74685
-81.469994,1000,2818.018436
-178.783403,274,2821.101601
-104.294868,499,2825.469377
-42.7557,680,2831.82061
-158.705443,213,2833.791527
-103.087426,1000,2842.932751
-197.190903,847,2850.401361
-61.52414,637,2856.110395
-45.230972,709,2863.298535
126.420442,1000,2872.043754
-182.281109,164,2873.518531
-135.231456,327,2877.057628
-144.736405,518,2881.628353
145.181696,1000,2890.571855
-88.553521,843,2898.429098
-108.837566,457,2902.310749
-132.441427,405,2905.887145
-171.875084,141,2907.391895
-181.720237,185,2909.089914
39.182349,1000,2918.857309
-12.666106,977,2927.593571
148.45587,1000,2937.371338
-201.580106,220,2939.695735
-227.509716,1000,2948.085666
-100.444056,630,2954.23866
-357.864844,1000,2963.100903
34.762694,1000,2972.620629
-16.595447,783,2979.730704
-94.079536,448,2983.73156
105.618996,1000,2993.294689
-181.015295,332,2996.249285
-85.330392,455,3000.330252
-149.834531,195,3002.128477
190.620027,1000,3011.343999
-76.994482,542,3016.16242
-90.360838,599,3021.290956
-188.258153,102,3022.220461
-87.302353,602,3028.366931
-170.228714,163,3029.831619
-32.971559,1000,3038.838193
-152.626849,264,3041.184699
-154.821024,419,3045.036421
-104.111348,468,3050.049325
11.646838,1000,3059.305557
-8.864667,1000,3068.921582
-151.385741,249,3071.318071
-150.641888,244,3073.518537
-171.06201,313,3076.213366
-114.393868,435,3080.156482
-172.060184,186,3081.869008
66.969546,1000,3091.219319
-125.332935,374,3094.462541
-75.177517,1000,3103.783354
92.976276,1000,3112.230091
-59.329599,622,3118.155464
-118.748873,272,3120.811563
-145.789643,699,3127.754461
-8.854187,1000,3136.171306
-179.540952,274,3138.610794
-44.277211,1000,3147.813846
-37.157202,718,3154.29323
-131.271721,440,3158.26919
183.110282,1000,3167.587888
-50.206207,571,3172.576419
-174.364039,150,3173.938514
-148.332048,324,3176.891592
-126.498886,775,3184.411165
-203.931732,1000,3192.759221
-69.131618,451,3197.909911
52.947146,1000,3206.905652
-89.77825,522,3211.664066
5.772507,1000,3220.896327
-46.490705,852,3228.982304
-153.167381,508,3233.562267
-172.819334,137,3235.618191
-59.70906,686,3241.807695
-86.760076,368,3245.069027
160.847684,1000,3254.38828
-179.280045,952,3262.850306
-47.819002,725,3270.163223
221.437018,1000,3279.974124
-139.139732,1000,3288.825188
-271.341487,488,3293.84925
-185.021052,121,3294.902432
-5.862024,1000,3303.681475
-68.17988,516,3308.280018
-154.06831,270,3311.340735
-169.731179,183,3312.96776
-119.502575,240,3315.29045
201.853086,1000,3324.037949
-164.052542,137,3325.28349
-141.380813,386,3328.749367
-47.28453,1000,3338.378122
84.260815,1000,3347.309336
-164.516191,300,3350.665171
16.108393,1000,3359.395473
-122.879273,223,3361.510324
-192.566865,206,3363.280254
-46.043278,465,3367.880842
-37.166302,900,3376.133744
-125.627788,469,3380.113514
-49.555781,1000,3389.416218
22.493362,1000,3398.598759
-192.794851,152,3399.896512
-200.018266,223,3401.761724
-83.739298,426,3406.220508
-89.91534,1000,3414.994162
-141.936081,356,3418.323491
-89.887687,412,3422.056999
-163.406846,144,3423.357999
-159.122851,211,3425.950094
-270.455369,474,3429.828197
-187.880798,124,3430.983726
-10.674936,1000,3440.040053
-184.387791,315,3443.405262
287.679473,1000,3452.602238
-123.328669,462,3456.493056
220.029113,1000,3465.692418
-187.194163,116,3466.675048
53.847344,1000,3475.234313
135.359226,1000,3484.528468
-183.952652,128,3485.703676
-195.874131,113,3486.7276
-197.710888,339,3489.717513
8.368084,1000,3499.942609
37.190133,1000,3509.092553
-113.940838,638,3514.487754
-182.480773,880,3523.168434
-82.614877,954,3531.498145
-181.414312,115,3532.517252
-108.702197,839,3540.50894
90.665251,1000,3549.009149
-202.367762,135,3550.214027
-192.494366,73,3550.959192
115.095665,1000,3560.53518
-87.791448,609,3565.638912
234.918036,1000,3575.345306
118.073567,1000,3584.36175
-63.533223,1000,3593.317783
-108.073964,321,3596.161684
-145.410096,374,3599.709053
-87.392314,426,3603.507323
-149.12929,421,3607.174292
157.425774,1000,3616.799124
-147.580319,378,3620.15343
-101.160107,413,3623.833585
-129.307637,1000,3633.666495
14.274349,1000,3642.298501
-161.431457,1000,3651.733461
4.9773,1000,3660.276027
-185.745646,94,3661.162169
56.971491,1000,3670.460302
-115.565157,401,3674.063961
32.906401,1000,3682.868967
-13.776991,1000,3692.653217
-160.197091,252,3694.803537
-103.02663,1000,3703.609887
-145.89346,212,3706.053474
-158.416043,209,3707.891022
-188.862174,88,3708.668415
-247.595244,612,3713.852754
51.347147,1000,3722.478609
13.896168,1000,3732.287714
-52.548318,750,3739.380224
-64.5253,598,3745.605298
39.071429,1000,3754.20015
104.333299,1000,3763.305051
34.685741,1000,3772.035884
-156.756117,310,3774.858458
-163.087943,201,3776.597529
-15.87967,896,3785.415235
56.472644,1000,3794.310623
84.276883,1000,3803.8651
-195.163786,878,3811.860833
73.07974,1000,3821.203623
-3.285876,1000,3830.058056
-197.9356,146,3831.315889
17.797276,1000,3841.258126
232.357139,1000,3850.401545
12.481204,1000,3859.558051
-168.949235,162,3861.063675
-270.571459,1000,3870.361753
-90.428753,1000,3879.457096
210.988221,1000,3887.917152
-151.739312,640,3894.381857
22.938316,1000,3903.604877
37.008312,1000,3912.978859
-207.267503,167,3914.461379
-150.610399,335,3917.355658
-185.417268,239,3919.445176
18.713489,1000,3928.701428
-56.29622,1000,3938.424768
52.030055,1000,3946.860554
21.938249,1000,3956.601056
29.800076,1000,3965.30411
-132.516782,260,3967.517068
89.31399,1000,3976.825813
-138.008632,338,3979.898034
-171.364324,153,3981.28706
-181.316207,120,3982.349321
-0.194957,1000,3992.147959
-29.272454,1000,4000.986289
178.985938,1000,4010.796924
-184.825229,116,4011.872624
226.628613,1000,4020.852886
-151.410447,406,4024.453072
79.437453,1000,4033.68081
147.354017,1000,4042.710918
-6.726349,1000,4052.597067
39.172592,1000,4061.21284
-8.496949,1000,4070.6148
-94.04754,942,4079.216085
-164.858973,209,4080.948249
-189.996932,1000,4090.381942
49.956545,1000,4099.132288
-64.109195,485,4104.149186
6.853715,985,4112.832917
-150.315407,235,4114.90775
-41.063873,1000,4124.805755
180.660879,1000,4133.260308
-184.739568,153,4134.522216
95.050681,1000,4144.190383
-40.763589,1000,4152.996113
45.512523,1000,4163.042685
89.286942,1000,4172.263625
-141.528922,574,4178.093769
-121.826286,326,4180.81264
-158.392193,139,4182.070889
-159.151282,139,4183.421311
-309.620828,1000,4191.860919
-88.870302,418,4196.314656
239.039596,1000,4205.159922
-151.357415,340,4208.143189
-164.496097,973,4217.58679
-180.368735,534,4222.538958
-198.503019,613,4228.221262
50.236099,1000,4237.83807
-10.017849,1000,4246.726305
-164.435688,210,4248.551838
-83.03484,1000,4257.908289
-168.890753,423,4261.845295
-229.343704,1000,4270.323143
-237.038413,1000,4279.392408
23.843581,1000,4288.341585
39.933767,1000,4298.002109
-99.030551,1000,4306.485577
63.747364,1000,4316.235771
-126.987049,468,4320.655013
-203.546775,313,4323.639174
-91.174805,1000,4333.058914
-75.651681,581,4338.976686
64.124974,1000,4348.746638
-156.258314,446,4352.735739
-153.59528,262,4355.141634
-173.31409,541,4360.004534
66.812065,1000,4369.162744
-48.077461,942,4377.234682
-144.937439,250,4379.779045
229.90364,1000,4389.798076
-184.443272,130,4391.083924
-196.81097,468,4395.548587
51.744168,1000,4404.747092
-129.430807,305,4408.152055
64.635235,1000,4417.0046
-192.126887,406,4420.603781
-65.672322,858,4428.702698
-67.979287,1000,4437.351498
-24.244287,1000,4447.058299
-155.943325,1000,4455.692874
29.668433,1000,4465.178878
48.200229,1000,4473.645833
-198.618105,161,4475.03325
-123.919567,452,4478.899147
80.246524,1000,4487.917764
86.740527,1000,4496.834721
147.335019,1000,4506.368956
-90.558413,1000,4515.069918
-151.034332,347,4518.975057
-86.003295,1000,4527.880699
-151.166583,439,4532.02775
-38.463403,1000,4541.242208
-59.471709,1000,4549.998473
-155.642477,527,4555.225489
-125.808657,704,4561.769056
-93.884779,547,4566.562302
-112.873337,620,4572.066116
-195.735955,87,4573.540009
-111.054184,880,4581.225526
16.76874,873,4589.379883
-167.308742,214,4591.371866
-130.913552,466,4596.39983
-177.003942,412,4600.120417
-144.567811,292,4602.73886
-203.951556,1000,4612.351746
-146.641663,755,4619.193695
-164.912724,138,4620.439186
-216.177478,640,4625.917272
-193.472966,101,4626.785935
-129.342463,589,4632.293446
65.770462,1000,4640.761645
149.51351,1000,4650.473363
-170.282148,254,4652.666894
87.704693,1000,4661.382458
106.405392,1000,4670.501253
57.752697,1000,4679.43221
56.201438,1000,4688.834638
-179.668722,171,4690.377957
-157.375414,237,4692.625372
46.999049,1000,4701.454695
-209.256988,395,4705.734562
96.660759,1000,4714.876256
-41.080755,1000,4723.933508
15.091773,1000,4732.654727
-36.364452,1000,4741.818932
24.7047,1000,4750.267247
-175.564322,170,4751.802752
-86.53096,697,4757.927577
30.13329,1000,4767.092993
-186.561602,259,4769.611635
-122.209334,548,4774.478937
-4.623609,1000,4783.748527
202.324029,1000,4792.413237
-84.64019,530,4797.565902
-70.496415,1000,4806.744534
-62.933553,472,4811.026638
-172.401471,177,4812.553465
152.498698,1000,4821.785779
-151.109965,218,4823.732981
-175.011392,855,4831.628138
100.90497,1000,4840.836277
-178.957247,126,4841.977693
-168.755321,141,4843.279624
94.43439,1000,4851.890898
1.763215,1000,4861.196748
-177.764557,896,4869.224699
-63.165047,666,4876.004324
-164.81995,451,4879.921675
134.585682,1000,4888.780254
-137.408449,530,4893.948911
-40.588218,796,4901.126707
-128.360666,495,4905.535747
139.360851,1000,4914.772883
-108.618153,832,4922.402772
148.98447,1000,4931.691838
129.026606,1000,4940.415614
138.717818,1000,4950.334483
-132.304773,626,4956.000536
-136.136641,722,4962.321011
2.20307,1000,4971.874281
187.358939,1000,4981.059736
49.606273,1000,4991.130644
43.123931,1000,4999.780785
111.985642,1000,5009.768398
-160.124942,1000,5018.088274
83.462189,1000,5027.852597
80.194614,1000,5036.898413
5.281656,1000,5046.725059
109.426377,1000,5055.884207
-429.833264,914,5065.320647
-207.492136,183,5066.937755
-3.287451,1000,5076.320458
10.656702,1000,5085.276155
-64.028018,1000,5094.143553
-122.743531,1000,5103.873092
113.967698,1000,5112.56866
-190.135546,208,5114.353524
80.544098,1000,5123.467585
-189.918453,404,5126.889509
33.988689,1000,5135.546112
-76.205004,1000,5145.09647
-183.530882,179,5146.846851
54.09208,1000,5156.391276
-13.940344,1000,5164.981958
35.937185,1000,5173.791867
112.103177,1000,5183.346023
158.214226,1000,5192.235117
-161.369505,284,5195.365446
-53.24886,845,5202.664531
158.934912,1000,5212.027602
-225.788347,387,5215.480989
-10.470207,1000,5224.146951
83.248327,1000,5233.457978
-149.137775,787,5240.403206
-175.510269,169,5241.890627
-151.430054,360,5244.982064
-208.876111,216,5246.829433
-88.1455,663,5253.593101
197.639491,1000,5262.342546
-166.746474,275,5264.674089
-66.929268,651,5271.11107
30.366885,1000,5280.120872
211.181624,1000,5289.606315
-156.244047,323,5292.526367
105.084167,1000,5301.604467
150.516477,1000,5311.512528
8.835378,1000,5320.196776
-173.376227,181,5321.819462
-136.966201,724,5329.042391
-182.620894,131,5330.168075
111.289316,1000,5338.989955
-69.911248,608,5345.204289
147.127044,1000,5353.92214
72.524215,1000,5363.295478
50.90814,1000,5372.278807
132.856837,1000,5381.731678
-80.569645,833,5389.266509
-212.617793,773,5396.261434
-36.728997,1000,5405.649026
131.940691,1000,5414.45329
153.773681,1000,5423.975482
-197.032555,72,5424.614137
-140.077803,462,5428.626938
-167.091509,253,5431.221635
-182.797424,271,5433.604283
-199.531887,298,5436.227629
115.091672,1000,5445.762562
25.722073,1000,5454.458065
-169.105371,240,5457.277508
10.047476,1000,5466.322033
-157.168497,1000,5475.892846
-286.485099,787,5482.610894
34.410677,1000,5491.675454
171.530396,1000,5500.812223
-176.628628,330,5503.588379
123.230978,1000,5513.126338
10.587993,1000,5522.031964
-127.24341,601,5527.447998
-197.878499,1000,5536.441962
-163.484305,377,5539.828159
62.482326,1000,5548.537331
62.488028,1000,5558.547699
97.448992,1000,5567.432345
66.363311,1000,5577.244031
-138.668672,446,5581.568183
-81.211896,773,5588.886818
171.118207,1000,5597.358943
134.300209,1000,5606.500997
153.474304,1000,5615.728363
219.155601,1000,5624.474128
179.908306,1000,5633.851336
56.64439,1000,5642.654232
-71.898806,787,5649.869674
9.454602,1000,5658.492649
-11.805125,1000,5668.425092
17.625739,1000,5677.33989
12.753441,1000,5686.757377
92.223573,1000,5695.515189
26.632354,1000,5705.01243
31.621676,1000,5714.327059
88.207016,1000,5723.762587
146.664433,1000,5732.957945
-187.640566,141,5734.163893
-21.643398,1000,5743.476671
37.700554,1000,5752.398117
34.625777,1000,5761.577973
-159.346119,194,5763.187572
-164.767621,240,5765.177452
210.241462,1000,5774.273824
159.767084,1000,5783.882191
26.616583,1000,5792.593863
-363.690268,1000,5801.744018
35.573431,1000,5810.496063
-174.209149,156,5812.74064
98.974589,1000,5821.466768
-166.3318,1000,5829.953193
-150.709048,427,5834.584227
-23.443042,1000,5843.103734
-100.563486,1000,5852.603134
-19.983319,1000,5861.326132
-189.813383,90,5862.073862
74.211264,1000,5871.449177
-7.026302,1000,5880.454885
-0.090457,1000,5889.676784
25.098791,1000,5898.539786
75.70232,1000,5907.599766
-51.32127,1000,5916.448144
-142.294298,1000,5925.609185
3.326326,1000,5934.108565
69.742795,1000,5943.895161
-261.720867,1000,5953.00868
-24.745503,1000,5962.194825
-99.063062,596,5967.90105
59.159796,1000,5977.049657
138.41939,1000,5986.265203
67.585487,1000,5995.088949
-1.037984,1000,6005.334094
-3.159059,1000,6014.140611
98.242109,1000,6023.689935
-22.88469,1000,6032.87043
180.947878,1000,6042.209292
-8.364853,1000,6051.062728
103.107766,1000,6060.725907
-195.336427,159,6062.159177
-58.196057,1000,6070.727171
-112.66291,380,6074.104894
35.705235,1000,6083.323638
-59.828611,801,6090.749658
-18.728983,1000,6101.097181
87.421975,1000,6109.83677
-2.98922,1000,6119.56188
121.041499,1000,6128.289089
26.48675,1000,6137.460895
38.604057,1000,6146.180057
116.18642,1000,6156.131651
13.661099,1000,6165.021327
-4.875409,1000,6174.755097
-156.486734,281,6177.377978
71.850359,1000,6186.371036
19.970298,1000,6195.187224
-203.544837,1000,6203.482936
204.51213,1000,6212.961628
187.682756,1000,6221.620577
34.266717,1000,6230.956754
-33.582695,1000,6240.155861
58.698764,1000,6249.553609
8.311513,1000,6259.607847
96.650607,1000,6269.369919
200.800318,1000,6278.034953
190.099047,1000,6287.373761
2.136607,1000,6296.319682
5.751796,1000,6305.778745
-52.773004,1000,6314.258321
68.71506,1000,6324.261015
5.050126,1000,6333.016604
-35.396112,1000,6342.294781
254.534889,1000,6351.028133
56.656098,1000,6361.018598
-8.844299,1000,6369.64348
-76.725838,519,6374.283665
-270.127639,1000,6383.833511
-27.224028,1000,6392.604628
-92.326263,1000,6402.248983
-104.328421,1000,6411.01001
-53.312394,1000,6420.338367
-172.689124,564,6425.389633
-52.834926,1000,6434.843535
0.598304,1000,6443.315536
52.233856,1000,6452.465508
44.158886,1000,6461.661169
140.990985,1000,6470.751095
107.441673,1000,6479.753734
61.839153,1000,6489.305882
-201.757774,102,6490.269814
-55.58438,1000,6499.203874
-160.275072,1000,6509.625829
-208.885479,282,6512.177856
193.274623,1000,6521.122237
-3.476621,1000,6530.412689
-256.114103,1000,6539.263386
43.070525,1000,6548.417274
43.609062,1000,6557.579868
-181.775864,206,6559.356951
-11.928162,1000,6568.781764
-66.112458,1000,6577.234024
80.385042,1000,6587.21676
-57.440014,1000,6595.818262
27.272549,1000,6605.440694
-4.191757,1000,6614.06398
24.441158,1000,6623.335832
155.332527,1000,6632.55609
-190.553702,116,6633.620221
-238.620655,399,6637.366374
-173.864655,354,6641.061508
177.622776,1000,6649.892736
-263.016724,1000,6659.497279
-19.772648,1000,6667.775286
-378.129564,1000,6677.037898
-64.52999,1000,6685.736691
26.606563,1000,6695.405849
152.147607,1000,6704.423251
-432.493438,1000,6712.784256
146.621329,1000,6722.827589
-38.087944,1000,6732.032144
163.447503,1000,6741.763845
-24.33241,1000,6751.093696
-156.383388,196,6753.599235
94.203995,1000,6762.257926
185.39825,1000,6771.527466
19.481044,1000,6780.877904
55.499209,1000,6789.635291
195.039194,1000,6799.07349
-26.602567,1000,6807.443521
26.16698,1000,6816.884909
24.271185,1000,6825.798084
-61.28752,1000,6835.642216
-50.785773,1000,6844.104182
11.552111,1000,6852.977143
91.057116,1000,6861.578181
75.25743,1000,6871.0824
-117.82963,1000,6879.983992
3.013301,1000,6889.043406
35.321736,1000,6897.741109
150.06183,1000,6907.771691
56.30125,1000,6916.638518
-7.736883,1000,6925.819289
-75.365791,1000,6934.999061
128.652436,1000,6944.601623
5.355441,1000,6952.817449
35.222149,1000,6962.435651
77.181263,1000,6970.869649
26.562147,1000,6980.297484
34.974784,1000,6989.505441
159.238385,1000,6999.276928
90.629817,1000,7007.709306
66.870184,1000,7017.218012
20.662554,1000,7026.465755
223.940607,1000,7035.747682
32.044062,1000,7044.106491
-64.278312,1000,7053.315057
195.480743,1000,7062.099399
69.394053,1000,7071.18135
-143.74522,308,7073.905133
-58.639886,578,7079.153188
166.282753,1000,7089.36221
212.884085,1000,7097.880835
-145.923995,352,7100.9494
-191.104425,641,7106.768795
43.621558,1000,7115.925304
-233.505465,291,7118.698149
62.534316,1000,7128.035331
-170.616924,570,7133.176533
71.121041,1000,7142.368003
10.776875,1000,7152.032113
1.821717,1000,7160.730358
-281.110262,927,7169.827269
77.996242,1000,7178.668897
-172.047312,645,7185.075955
-160.675558,385,7188.518077
-180.604175,403,7192.19132
174.367728,1000,7202.013099
-82.796404,1000,7210.724235
-100.680537,1000,7219.55562
-159.148575,811,7227.45803
40.871616,1000,7236.164096
-156.885057,300,7239.578352
-43.925936,682,7245.332088
35.176307,1000,7254.017183
-140.990394,683,7260.781687
143.634956,1000,7269.618516
134.416458,1000,7279.076671
39.493649,1000,7288.014163
-74.54053,919,7297.161751
5.847685,1000,7305.723186
121.758972,1000,7314.790699
163.335592,1000,7323.54696
-137.12459,798,7330.79174
210.127992,1000,7340.228886
-242.521009,1000,7349.38218
79.412319,1000,7358.628681
182.346725,1000,7367.180124
-0.896843,910,7376.276125
51.543886,1000,7385.147862
80.699435,1000,7394.412185
-20.0751,1000,7403.337649
158.446772,1000,7412.973374
26.107405,791,7419.885284
-9.915485,1000,7428.963307
-9.202037,1000,7437.414959
-174.553864,118,7438.519018
-58.645876,1000,7447.851269
9.149489,1000,7456.622047
9.182552,1000,7466.091723
-77.448479,456,7470.50388
-46.862641,509,7475.069658
-142.793267,213,7477.056098
224.637672,1000,7486.348406
61.704748,1000,7495.504596
-134.804662,252,7497.831865
192.185704,1000,7507.584846
-216.190783,120,7508.670299
-170.917036,149,7510.176114
255.598077,1000,7519.122056
38.432061,1000,7528.240939
26.079569,1000,7536.793245
88.648466,1000,7546.316661
-129.038651,1000,7554.565991
-142.462208,489,7559.927876
-88.863792,1000,7568.550486
144.744827,1000,7578.088209
84.838498,1000,7586.470499
26.742462,756,7593.312052
-188.32247,84,7594.818842
-54.85292,480,7598.847851
-31.923307,592,7604.021054
-1.285668,1000,7613.64629
-167.81866,158,7615.007354
-17.983017,1000,7623.74394
-0.009818,1000,7632.774688
-275.416699,1000,7641.503987
-219.525935,1000,7651.214082
-420.805636,1000,7659.91288
-46.761722,701,7666.465614
121.201716,1000,7675.681653
-28.745422,1000,7684.482705
-149.33763,535,7690.397172
-194.604098,362,7693.543917
32.657266,1000,7702.503142
-197.662241,96,7703.371617
43.496247,1000,7712.935684
-78.88346,1000,7721.798207
-95.821838,423,7726.246556
53.942017,1000,7735.063885
-130.569015,825,7742.679434
-62.614962,484,7747.515187
-76.581869,1000,7756.050018
41.313495,1000,7765.332707
-191.819276,94,7766.178176
168.919737,1000,7775.416745
176.337289,1000,7784.868164
-190.607063,73,7785.578235
19.586735,1000,7793.944059
-219.650299,813,7802.03263
-146.572461,254,7804.2885
-178.463544,144,7805.620065
-151.237715,185,7807.300101
-148.64055,875,7815.025824
54.474989,1000,7824.547835
-55.323205,1000,7833.29992
-138.71258,215,7835.259982
-124.276144,309,7838.598034
156.356791,1000,7847.431029
-78.544245,1000,7855.799936
-34.044934,564,7861.541491
-219.084242,715,7867.76609
-192.69482,73,7868.452916
7.696076,1000,7877.56112
70.964151,1000,7886.135946
-222.003707,1000,7895.382679
-283.357289,1000,7904.111749
-146.466158,133,7905.360195
205.593717,1000,7914.996257
-162.425688,180,7916.584692
-73.615725,735,7923.321267
-2.55631,1000,7932.175429
-38.20221,1000,7940.832912
200.520215,1000,7950.837085
34.200262,1000,7959.723969
157.577543,1000,7968.997818
-37.362161,1000,7977.40702
-158.098004,340,7980.67399
123.031048,1000,7989.691217
-45.583931,1000,7998.228677
96.473211,920,8006.918814
-450.572461,1000,8015.955025
-175.708734,127,8017.105647
-148.983286,175,8018.625992
205.410477,1000,8027.21968
-159.268723,383,8030.471117
-149.082058,241,8032.719761
61.879111,1000,8042.399677
-220.213739,346,8045.32867
-157.062169,117,8046.331882
197.733118,1000,8054.962952
-184.350014,70,8055.629001
-102.18711,383,8059.107025
-174.837661,118,8060.676271
-479.159521,1000,8069.738757
51.414222,1000,8079.086307
1.45909,1000,8087.583861
-140.75958,268,8089.797714
112.186552,1000,8099.185669
39.446016,1000,8108.438954
-125.500691,503,8112.867488
90.613967,1000,8122.440348
-85.839604,392,8126.214972
-190.072658,274,8128.664711
270.096697,1000,8138.475247
-62.725741,703,8144.709245
-192.254024,63,8145.273071
-44.850749,918,8153.054441
-182.667756,92,8154.683253
-171.245686,126,8155.81107
-102.443208,1000,8165.010901
-81.376312,462,8169.121573
47.973911,1000,8178.591138
12.807231,833,8185.960991
-20.974736,1000,8195.526309
33.017045,1000,8203.984736
-5.735336,1000,8213.170741
-66.869942,1000,8221.126718
-297.590387,1000,8229.897854
-118.094187,1000,8238.726584
-25.614571,943,8248.755315
-168.709867,139,8250.119168
-106.396588,521,8254.611327
-38.864806,712,8260.73442
-229.723106,381,8264.240622
-190.356918,73,8265.022928
-93.943703,510,8270.252649
-176.876278,204,8272.09848
-384.314144,1000,8281.098801
-123.651142,665,8287.940914
107.387633,922,8296.098261
-134.936421,311,8298.705022
-127.891675,277,8301.27108
-234.550018,918,8309.979155
-167.009934,192,8311.923357
-157.180805,863,8319.375699
