#{"t_start": 1780583995.800923, "env_id": "None"}
r,l,t
68.841995,183,20.330236
356.743816,465,25.767885
-29.504129,102,27.270078
88.156642,236,29.906399
-93.583337,28,30.247858
1034.327451,1000,40.953778
22.880375,134,43.615333
128.506212,235,46.31915
4.540135,148,47.904523
15.775203,125,49.314667
8.619308,126,50.677329
65.909695,199,52.721432
47.120188,164,54.436584
776.373,1000,66.507972
712.009294,845,76.060102
261.499721,500,81.769936
160.936191,305,85.123323
216.477896,351,89.601913
-35.089662,78,90.585253
117.342966,207,92.799063
543.792809,719,100.748254
74.499295,229,103.195614
718.623569,974,127.854363
90.569989,182,133.080875
-40.222603,78,135.02242
-27.028853,94,138.466541
252.495624,492,152.301054
9.070252,164,156.547214
132.504122,231,163.258906
679.237065,830,185.895121
18.238661,129,190.190163
76.107339,223,196.500465
-10.007725,134,200.544811
156.830505,284,208.140432
32.81381,177,213.455312
82.037247,235,219.671393
-35.132754,82,222.382113
-37.169254,78,225.046376
59.482479,197,229.948385
555.973556,928,255.749105
-40.56828,83,258.004156
383.962011,604,274.506015
-24.496381,111,278.290112
479.885418,679,298.877031
-56.197104,74,301.423269
-30.090622,84,303.9954
496.650208,749,326.112265
817.238141,1000,351.808666
233.214825,408,364.534015
898.383814,1000,392.583741
151.155593,346,402.807804
100.206012,235,409.391142
-33.645047,90,412.543871
515.730266,799,437.009998
888.41847,1000,465.675464
287.228122,430,478.271697
347.976562,546,494.584848
250.765259,475,508.040279
281.307806,510,523.695616
99.067843,250,531.640847
-0.01526,122,535.355929
107.835201,271,544.896724
-37.921134,87,547.762511
105.846498,222,554.855978
-21.332239,104,558.146253
577.233583,878,584.28398
328.036277,499,599.095072
125.301962,312,609.890111
113.61875,274,618.390174
799.912562,1000,649.217485
210.150237,364,660.508442
-22.877937,156,666.664792
233.151828,415,679.813368
785.166442,1000,711.704102
181.092577,333,722.446461
636.776559,969,756.3258
199.414803,382,770.585491
13.517801,168,777.004562
227.949546,416,793.713186
491.585708,706,820.455952
630.268761,995,855.244889
-13.880289,132,859.600734
195.088975,325,870.238694
-40.682089,83,873.569077
63.726919,235,883.075749
374.202635,632,905.098317
138.926699,308,917.124652
59.064647,209,925.288022
56.825482,256,933.772359
-7.330607,143,939.153299
4.528629,125,943.915717
49.73342,171,949.590054
833.226355,1000,986.277156
-35.622831,93,989.61612
169.510659,383,1002.661402
500.636963,649,1023.63235
5.904996,170,1031.398326
-40.575011,90,1035.484748
18.844203,134,1040.260193
200.643511,383,1054.09914
391.650284,610,1076.910005
58.96304,216,1085.436471
597.849186,866,1117.647267
389.295497,626,1140.327599
-32.71344,96,1143.467654
213.381486,398,1156.374057
96.860945,283,1165.026505
271.458236,418,1179.943194
180.573465,333,1190.553613
-36.993141,84,1193.750114
949.011054,1000,1224.140146
874.490157,1000,1257.809486
653.208672,1000,1289.917879
56.930743,209,1297.27945
65.672018,179,1304.372966
184.917741,280,1316.032618
697.641132,909,1357.048586
798.000001,1000,1396.96644
376.706512,540,1421.705729
4.320962,125,1426.988548
531.888594,837,1462.39719
-11.380808,130,1467.385238
90.349247,322,1482.864923
257.566156,504,1505.803186
385.823816,595,1533.586651
258.225434,488,1555.066204
-22.845738,107,1559.518138
49.505573,161,1566.027959
22.634902,161,1574.427153
170.696797,256,1586.655702
-43.683721,87,1590.903204
159.597532,330,1607.775953
881.67929,1000,1652.317688
719.392113,911,1696.180373
919.46599,1000,1743.583427
-31.630779,106,1749.442436
778.352172,1000,2358.449252
-41.604176,88,2359.467313
430.989102,675,2367.855543
96.939263,289,2370.856581
83.521816,230,2373.703149
801.725351,1000,2386.75214
767.581688,1000,2397.80399
292.807034,485,2403.287008
304.827795,461,2408.889139
-51.169604,77,2409.761229
58.823628,218,2412.188467
7.543357,175,2414.183874
-44.307767,77,2415.013329
1002.056328,1000,2425.884264
25.581636,158,2427.54579
22.706148,153,2429.243133
384.804753,493,2435.439288
-0.273795,114,2436.738124
136.848582,325,2440.831208
344.694468,541,2446.631156
13.294218,121,2448.107385
907.947522,1000,2459.301461
311.117403,588,2466.205929
48.901271,171,2468.512853
574.342054,899,2479.267108
172.665332,324,2483.183276
564.143616,888,2493.177343
663.334108,820,2502.88487
-14.67174,132,2504.545411
923.563493,1000,2515.420788
90.879677,229,2518.55619
358.246703,480,2524.81822
-9.25809,148,2526.600472
424.246839,822,2535.948898
520.619027,689,2543.654893
192.993635,322,2547.978901
46.295589,188,2550.205965
971.910653,1000,2561.755144
-28.604071,118,2563.10095
-37.437784,90,2564.181156
-27.500457,98,2565.408802
389.904893,523,2572.451969
123.781539,269,2575.684113
2.76995,127,2577.142828
-42.459644,82,2578.098127
67.602852,261,2580.965786
68.193856,185,2583.192387
753.459483,1000,2595.043677
-19.835578,119,2596.3639
-30.240636,95,2597.418005
792.069927,871,2607.078922
157.27304,408,2611.761756
220.063584,442,2616.664107
-38.129008,188,2619.291329
130.441008,283,2622.837971
57.160607,170,2624.813676
343.150987,508,2630.549841
-31.86726,97,2631.691083
521.547616,894,2642.17287
156.177662,233,2645.285939
-6.450701,128,2646.893113
847.56301,1000,2658.643649
109.084137,497,2664.029329
24.327512,167,2666.108054
950.149413,1000,2676.623603
67.954237,197,2679.107261
345.931587,617,2686.612876
343.269084,554,2692.806025
884.609819,1000,2703.901576
81.351483,348,2707.87819
-12.433683,131,2709.489408
135.056652,322,2713.597867
215.152365,402,2717.977785
981.288898,1000,2729.147928
838.806917,1000,2741.336043
87.172764,246,2744.353443
136.038587,237,2747.579013
124.079527,333,2751.207189
-36.525123,83,2752.184165
6.301208,144,2753.871381
456.600039,712,2762.644968
598.164226,875,2773.11501
53.769708,210,2775.59833
12.264077,148,2777.236149
160.230661,351,2781.253369
548.277758,767,2790.430438
67.901354,224,2793.343154
57.647031,215,2795.923985
109.877056,250,2798.73029
24.172987,209,2801.111284
663.586668,877,2811.814063
50.036875,159,2813.597786
723.102042,861,2823.380834
65.456613,189,2825.609267
450.465762,549,2832.123569
152.992616,269,2835.632283
-25.039178,103,2836.763973
447.88719,663,2844.879952
379.924781,592,2852.032939
996.244762,1000,2863.707686
38.633533,176,2865.959719
607.255802,925,2876.477253
97.57332,250,2879.572964
141.609116,271,2883.036663
859.827014,1000,2894.07524
795.825625,1000,2906.35924
343.694641,606,2913.351843
120.630392,234,2916.281149
505.656201,770,2925.448883
622.235238,835,2935.68348
137.75377,350,2939.775137
147.899984,319,2943.261169
962.336447,1000,2955.250497
61.319002,201,2957.715883
-25.283568,131,2959.208928
19.884105,161,2961.18041
729.914738,1000,2972.204927
653.570661,832,2982.162433
-10.526881,118,2983.500447
19.989422,163,2985.4648
-33.504086,92,2986.544213
567.27274,795,2995.755
55.572676,214,2998.24559
722.546732,1000,3009.970377
60.789017,214,3012.326384
81.955453,217,3014.650499
148.835268,278,3018.087775
360.473825,475,3024.048129
25.183506,148,3025.887596
58.161498,232,3028.859626
-36.538452,87,3029.969078
69.827442,189,3032.099092
935.546277,1000,3043.347687
102.828768,281,3046.615945
44.092441,188,3048.708265
789.767815,1000,3060.74379
869.776819,999,3072.118433
65.26576,203,3075.026318
389.207569,567,3082.076097
-33.418429,96,3083.232696
935.156236,1000,3094.613216
-17.176368,111,3096.079112
252.456976,447,3102.129558
925.762099,1000,3112.797014
847.866232,1000,3124.144976
936.699157,1000,3135.706428
65.94726,201,3137.920963
513.793866,664,3145.73091
548.385147,702,3154.333589
280.798755,515,3160.271499
-8.506076,120,3161.698921
134.760404,294,3165.641146
27.141077,148,3167.483412
134.008573,291,3171.406016
467.228758,682,3179.981914
431.993792,642,3187.547927
279.669627,518,3194.512902
228.77852,484,3200.141373
923.974265,1000,3210.98504
529.107997,724,3219.369282
-27.972513,111,3221.099316
942.678687,1000,3231.687268
84.945803,475,3236.83512
-39.216883,97,3237.984966
473.449452,759,3246.845278
1025.734175,1000,3258.123713
249.059732,643,3265.092292
-26.078038,105,3266.528451
98.047565,275,3269.553941
-0.406325,140,3271.309028
192.757744,363,3275.290309
780.861466,1000,3286.713407
301.083321,485,3292.621141
208.570649,390,3296.983354
270.448,362,3301.253515
10.401668,211,3303.658327
-51.334938,75,3304.494949
-45.939225,82,3305.458408
-10.163892,142,3307.276156
-35.61623,85,3308.473462
726.864171,928,3319.668471
619.687254,894,3329.74773
563.929191,660,3337.123852
-40.893837,85,3338.789347
171.507393,386,3343.463212
91.744562,192,3345.642865
86.455329,222,3348.00423
168.664528,347,3351.947188
661.019193,859,3362.277951
54.570663,193,3364.575004
76.330699,276,3367.637031
248.356217,551,3374.359865
395.498675,675,3382.104192
290.468007,497,3388.2432
31.999904,183,3390.249202
36.934556,207,3392.552269
950.744913,1000,3403.316924
535.098152,764,3412.909157
-32.037074,104,3414.054242
-23.771118,96,3415.349582
474.650318,775,3424.085022
215.759553,390,3428.264945
893.645925,1000,3439.500958
524.246317,743,3447.822924
62.874889,233,3450.420102
907.569089,1000,3462.432612
276.673582,460,3467.581761
59.220912,266,3470.761052
-17.971561,121,3472.213813
19.138212,187,3474.659389
-40.652514,73,3475.574018
334.721985,529,3482.188242
-21.429063,104,3483.429361
110.158229,378,3487.477486
989.229245,1000,3499.166402
-10.71815,184,3501.378735
188.960098,349,3506.025219
961.655259,1000,3516.832076
191.115689,329,3520.601573
288.56613,548,3526.531139
898.776181,1000,3537.786908
54.495612,157,3539.69633
29.634094,166,3541.492325
-14.308477,135,3543.172471
167.17961,320,3546.752159
81.43448,187,3549.253442
106.582083,322,3553.157201
845.851935,1000,3564.106375
464.638433,738,3572.5386
834.025442,1000,3584.321711
956.180352,1000,3595.366154
864.155711,1000,3606.881161
-49.147986,107,3608.03759
452.718318,710,3616.217284
159.876416,306,3619.502549
0.64557,113,3620.842167
-48.014051,90,3622.468152
999.835037,1000,3633.635009
878.032937,1000,3645.008282
-26.684326,122,3646.420998
334.588802,580,3652.870037
918.92455,1000,3664.387959
82.880356,474,3670.060124
427.207158,1000,3680.804899
4.38503,118,3682.148778
-35.767129,117,3683.424947
930.861238,1000,3695.192693
953.404393,1000,3706.269454
17.722014,149,3707.965235
894.033568,997,3719.514827
386.949688,494,3725.512279
-48.486646,71,3726.320403
-10.939144,96,3727.436951
133.642301,290,3731.070312
650.840412,814,3740.426517
94.873225,211,3742.876223
-2.416376,122,3744.363999
163.022076,251,3747.800286
492.756277,762,3756.260934
67.068532,179,3758.337824
64.621812,227,3761.151336
393.460173,669,3769.153014
118.162843,260,3772.064837
-16.989968,108,3773.438521
20.125148,156,3775.369162
316.672806,693,3783.458018
153.162301,310,3786.932901
-42.715238,88,3788.491479
795.66945,957,3799.697058
462.562846,653,3807.498315
147.732996,316,3810.869834
507.597664,733,3820.076039
-39.312033,78,3821.02864
-10.002576,392,3825.289384
896.919009,1000,3837.474953
96.784786,243,3840.398865
-41.270205,82,3841.306544
98.293553,203,3843.637831
-36.463761,98,3844.863863
1039.566515,1000,3856.532934
1005.357546,1000,3867.869934
818.247032,1000,3878.744257
793.262824,986,3891.19004
530.820247,762,3899.848364
-49.060516,76,3900.779476
427.17497,634,3908.559065
935.985225,1000,3919.433808
67.04582,203,3921.765215
130.952808,293,3924.946338
237.80556,413,3929.512562
600.597095,749,3938.703305
734.100628,1000,3949.945118
926.265296,1000,3961.360111
38.039403,169,3963.387894
-24.999848,98,3964.604861
-42.088837,84,3965.577169
138.590307,352,3970.117249
122.628834,219,3972.899975
-38.245243,99,3973.988873
874.589348,1000,3985.412956
65.668233,194,3987.590857
168.347412,341,3991.575242
-12.576906,134,3993.325865
63.934126,235,3995.991907
590.700445,1000,4007.757906
982.411998,1000,4018.963584
876.350024,1000,4030.882222
243.685546,409,4035.293742
-60.266741,64,4036.327213
63.649229,220,4039.435081
82.653854,176,4041.441536
84.592814,216,4044.331539
-21.787612,90,4045.466173
92.983392,217,4048.230603
494.776051,675,4056.136294
163.681289,329,4060.777389
272.087823,554,4067.231152
154.838595,290,4070.503458
103.685938,294,4073.948486
-21.724185,101,4075.244132
423.749034,637,4083.148717
968.266185,1000,4094.604924
84.438992,211,4096.957671
309.806471,470,4103.544274
163.194477,221,4105.903349
216.096687,628,4112.789779
13.000225,178,4114.948399
88.440318,182,4117.118058
54.235511,198,4119.492538
-0.371956,120,4120.985114
-14.887018,117,4122.370362
885.672497,1000,4133.886142
14.775896,176,4135.919086
929.534508,1000,4147.949059
69.007879,198,4151.318289
786.425347,1000,4162.85724
248.980337,422,4167.419887
606.912692,979,4178.606086
932.50294,1000,4190.15519
46.12879,161,4192.147301
246.154149,464,4197.844934
-25.937045,89,4198.94123
59.723235,227,4201.401731
-49.104391,80,4202.30122
105.866351,300,4205.62336
490.433428,709,4213.854936
-41.770831,87,4214.995645
-41.178558,97,4216.132624
25.292518,157,4218.040607
106.721779,189,4220.132388
118.332449,576,4227.101841
412.477353,644,4234.533199
176.811958,342,4238.415788
895.062862,1000,4250.245116
27.029335,158,4252.062016
-39.940604,107,4253.429123
229.110758,395,4258.044827
460.876718,695,4265.713624
820.064567,1000,4277.30798
-66.044567,54,4278.024869
1024.011322,1000,4289.082083
795.851059,1000,4300.467565
180.993495,437,4305.143929
832.394485,1000,4316.373532
133.291013,258,4319.418862
2.935795,117,4320.856835
62.096316,293,4324.109302
135.672406,289,4327.282131
234.912476,422,4332.407132
88.513254,231,4335.116807
925.82221,1000,4346.270191
279.025001,462,4351.908431
911.075034,1000,4363.733749
19.761594,139,4365.323022
-31.327413,100,4366.460768
241.840912,430,4371.281819
102.546193,345,4375.113107
313.174675,554,4381.489527
440.508172,656,4390.0475
-11.926544,128,4391.510468
120.757838,309,4394.948558
54.19546,205,4397.145008
35.329951,191,4399.492543
924.200707,999,4411.453613
-49.571344,80,4412.370385
273.049339,509,4417.935272
53.198237,200,4420.5426
756.671283,1000,4431.279155
632.2877,935,4442.541012
193.310337,350,4446.695234
249.770589,440,4451.796235
803.264996,1000,4463.012107
-39.469361,90,4464.105208
332.038494,534,4470.035222
99.280305,196,4472.646059
601.677616,798,4482.261529
53.775559,213,4484.745011
562.918554,756,4493.126332
167.325858,352,4497.819142
-24.573783,97,4499.013436
17.494911,153,4500.726658
10.469911,155,4502.436947
130.648369,334,4506.46219
236.840109,415,4511.347511
-5.075644,130,4512.989467
129.4656,355,4517.407393
98.620529,359,4521.216983
